Operation Name,Implementation Name,Number of Trials,Matrix Name,Number of Threads,Number of Subregions,Trial0 Subregion0 Analysis,Trial0 Subregion0 Executor,Correct0,Error0,Trial1 Subregion0 Executor,Correct1,Error1,Trial2 Subregion0 Executor,Correct2,Error2,Trial3 Subregion0 Executor,Correct3,Error3,Trial4 Subregion0 Executor,Correct4,Error4,Trial5 Subregion0 Executor,Correct5,Error5,Trial6 Subregion0 Executor,Correct6,Error6,NumTrials,NumThreads,Dim1,Dim2,Dim3,Dim4,Threshold,ExperimentName,
MM,Basic_SpMM,7,,0,0,0.000000163,0.007844735,1,0.000000,0.007872376,1,0.000000,0.007934625,1,0.000000,0.007815263,1,0.000000,0.007829818,1,0.000000,0.007739124,1,0.000000,0.007805234,1,0.000000,7,1,256,256,256,0,0.000001,ALL_SpMM_With_PAPI,
MM,Vec_SpMM,7,,0,0,0.000000076,0.002855559,1,0.000000,0.002885861,1,0.000000,0.002749626,1,0.000000,0.002789413,1,0.000000,0.002777423,1,0.000000,0.002923889,1,0.000000,0.002865473,1,0.000000,7,1,256,256,256,0,0.000001,ALL_SpMM_With_PAPI,
MM,Basic_SpMM,7,,0,0,0.000000180,0.061764660,1,0.000000,0.061641599,1,0.000000,0.062318543,1,0.000000,0.061479092,1,0.000000,0.061271832,1,0.000000,0.062144958,1,0.000000,0.061457780,1,0.000000,7,1,512,512,512,0,0.000001,ALL_SpMM_With_PAPI,
MM,Vec_SpMM,7,,0,0,0.000000163,0.022602552,1,0.000000,0.023524748,1,0.000000,0.022285177,1,0.000000,0.022215683,1,0.000000,0.022363402,1,0.000000,0.022479096,1,0.000000,0.022397030,1,0.000000,7,1,512,512,512,0,0.000001,ALL_SpMM_With_PAPI,
MM,Basic_SpMM,7,,0,0,0.000000182,0.498026297,1,0.000000,0.496832262,1,0.000000,0.488990665,1,0.000000,0.490617297,1,0.000000,0.491010621,1,0.000000,0.494429942,1,0.000000,0.490665437,1,0.000000,7,1,1024,1024,1024,0,0.000001,ALL_SpMM_With_PAPI,
MM,Vec_SpMM,7,,0,0,0.000000088,0.184850476,1,0.000000,0.189251049,1,0.000000,0.175257970,1,0.000000,0.175285781,1,0.000000,0.175522207,1,0.000000,0.175163695,1,0.000000,0.175801633,1,0.000000,7,1,1024,1024,1024,0,0.000001,ALL_SpMM_With_PAPI,
